{
    "batchName": "Maxwell",
    "batchTime": 1661424298,
    "boardConf": "IR-C00M01-00",
    "boardCustom": "",
    "boardName": "DM9098",
    "boardOptions": 4,
    "boardRev": "R6M2E6",
    "cameraData": [
        [
            2,
            {
                "cameraType": 0,
                "distortionCoeff": [
                    -4.789632320404053,
                    58.63302230834961,
                    0.0020426136907190084,
                    0.0011286436347290874,
                    -1.2407296895980835,
                    -4.863436698913574,
                    58.28350067138672,
                    0.342357873916626,
                    0.0,
                    0.0,
                    0.0,
                    0.0,
                    0.0,
                    0.0
                ],
                "extrinsics": {
                    "rotationMatrix": [
                        [
                            0.9999207258224487,
                            -0.005690532270818949,
                            0.01123120915144682
                        ],
                        [
                            0.005636095535010099,
                            0.9999722242355347,
                            0.004872649908065796
                        ],
                        [
                            -0.01125862542539835,
                            -0.004808963276445866,
                            0.9999250769615173
                        ]
                    ],
                    "specTranslation": {
                        "x": 3.75,
                        "y": 0.0,
                        "z": 0.0
                    },
                    "toCameraSocket": 0,
                    "translation": {
                        "x": 3.726198196411133,
                        "y": -0.0178616251796484,
                        "z": -0.20819690823554993
                    }
                },
                "height": 800,
                "intrinsicMatrix": [
                    [
                        799.7833862304688,
                        0.0,
                        657.50439453125
                    ],
                    [
                        0.0,
                        799.7833862304688,
                        412.1571960449219
                    ],
                    [
                        0.0,
                        0.0,
                        1.0
                    ]
                ],
                "lensPosition": 0,
                "specHfovDeg": 71.86000061035156,
                "width": 1280
            }
        ],
        [
            1,
            {
                "cameraType": 0,
                "distortionCoeff": [
                    -11.352474212646484,
                    102.24185943603516,
                    -0.0007064604433253407,
                    0.001395483035594225,
                    -44.346153259277344,
                    -11.372297286987305,
                    101.49977111816406,
                    -42.126617431640625,
                    0.0,
                    0.0,
                    0.0,
                    0.0,
                    0.0,
                    0.0
                ],
                "extrinsics": {
                    "rotationMatrix": [
                        [
                            0.999636709690094,
                            -0.014595264568924904,
                            -0.02265775576233864
                        ],
                        [
                            0.014680829830467701,
                            0.9998856782913208,
                            0.0036146969068795443
                        ],
                        [
                            0.02260240912437439,
                            -0.0039460184052586555,
                            0.9997367262840271
                        ]
                    ],
                    "specTranslation": {
                        "x": -7.5,
                        "y": 0.0,
                        "z": 0.0
                    },
                    "toCameraSocket": 2,
                    "translation": {
                        "x": -7.465378284454346,
                        "y": 0.016705164685845375,
                        "z": -0.081316277384758
                    }
                },
                "height": 800,
                "intrinsicMatrix": [
                    [
                        797.1077270507813,
                        0.0,
                        637.9425048828125
                    ],
                    [
                        0.0,
                        797.1077270507813,
                        403.0390930175781
                    ],
                    [
                        0.0,
                        0.0,
                        1.0
                    ]
                ],
                "lensPosition": 0,
                "specHfovDeg": 71.86000061035156,
                "width": 1280
            }
        ],
        [
            0,
            {
                "cameraType": 0,
                "distortionCoeff": [
                    10.666815757751465,
                    -120.95863342285156,
                    0.0016613666666671634,
                    0.0016734841046854854,
                    426.24713134765625,
                    10.46757698059082,
                    -119.48031616210938,
                    421.02325439453125,
                    0.0,
                    0.0,
                    0.0,
                    0.0,
                    0.0,
                    0.0
                ],
                "extrinsics": {
                    "rotationMatrix": [
                        [
                            0.0,
                            0.0,
                            0.0
                        ],
                        [
                            0.0,
                            0.0,
                            0.0
                        ],
                        [
                            0.0,
                            0.0,
                            0.0
                        ]
                    ],
                    "specTranslation": {
                        "x": 0.0,
                        "y": 0.0,
                        "z": 0.0
                    },
                    "toCameraSocket": -1,
                    "translation": {
                        "x": 0.0,
                        "y": 0.0,
                        "z": 0.0
                    }
                },
                "height": 2160,
                "intrinsicMatrix": [
                    [
                        3075.10107421875,
                        0.0,
                        1944.1513671875
                    ],
                    [
                        0.0,
                        3075.10107421875,
                        1100.5247802734375
                    ],
                    [
                        0.0,
                        0.0,
                        1.0
                    ]
                ],
                "lensPosition": 130,
                "specHfovDeg": 68.7938003540039,
                "width": 3840
            }
        ]
    ],
    "hardwareConf": "F0-FV00-BC001",
    "imuExtrinsics": {
        "rotationMatrix": [
            [
                0.0,
                0.0,
                0.0
            ],
            [
                0.0,
                0.0,
                0.0
            ],
            [
                0.0,
                0.0,
                0.0
            ]
        ],
        "specTranslation": {
            "x": 0.0,
            "y": 0.0,
            "z": 0.0
        },
        "toCameraSocket": -1,
        "translation": {
            "x": 0.0,
            "y": 0.0,
            "z": 0.0
        }
    },
    "miscellaneousData": [],
    "productName": "OAK-D Pro AF",
    "stereoRectificationData": {
        "leftCameraSocket": 1,